"id","region","year","areaKM","prod","climate_Mean","climate_Max","climate_Min","climate_Humidity","climate_Range","climate_GDD"
22,"Rondonia",2001,67.03,56037,25.18,30.33,21.85,83.54,8.48,11.18
22,"Rondonia",2002,56.47,46443,25.76,30.33,22.46,83.39,7.87,11.76
22,"Rondonia",2003,68.9,56058,25.47,30.65,22.15,82.51,8.5,11.47
22,"Rondonia",2004,68.51,56117,25.49,30.58,22.03,82.82,8.55,11.49
22,"Rondonia",2005,67.81,57570,25.67,31.15,21.89,80.16,9.26,11.67
22,"Rondonia",2006,54.01,46119,25.59,30.97,21.9,80.04,9.07,11.59
22,"Rondonia",2007,54.98,46696,25.61,31.05,21.79,79.69,9.26,11.61
22,"Rondonia",2008,56.21,48058,25.4,30.75,21.67,80.2,9.08,11.4
22,"Rondonia",2009,58.12,49183,25.62,30.78,22.13,82.74,8.65,11.62
22,"Rondonia",2010,60.26,53037,25.99,31.55,21.98,77.43,9.57,11.99
22,"Rondonia",2011,63.27,53965,25.99,31.32,22.23,78.67,9.09,11.99
22,"Rondonia",2012,68.4,59151,25.78,31.16,21.99,79.47,9.17,11.78
22,"Rondonia",2013,82.77,70625,25.32,30.39,21.85,82.42,8.54,11.32
22,"Rondonia",2014,77.72,78388,25.45,30.45,22.08,82.66,8.37,11.45
22,"Rondonia",2015,76.77,77293,26.09,31.54,22.3,79.95,9.24,12.09
22,"Rondonia",2016,77.48,76603,25.89,31.21,22.1,80.4,9.11,11.89
22,"Rondonia",2017,88.08,76468,25.74,31.12,22.05,79.78,9.07,11.74
22,"Rondonia",2018,65.28,99878,25.35,30.49,21.83,81.32,8.66,11.35
22,"Rondonia",2019,63.5,82757,25.89,31.14,22.3,80.05,8.84,11.89
22,"Rondonia",2020,66.3,83975,26.11,31.52,22.33,76.91,9.19,12.11
22,"Rondonia",2021,68.07,94806,25.7,30.98,22.02,77.43,8.96,11.7
22,"Rondonia",2022,70.82,81946,25.63,31,21.81,76.57,9.19,11.63
1,"Acre",2001,51.92,43625,24.99,30.11,21.65,86.1,8.46,10.99
1,"Acre",2002,67.12,52087,25.45,30.11,22.22,85.79,7.89,11.45
1,"Acre",2003,75.01,57918,25.23,30.39,21.85,84.75,8.54,11.23
1,"Acre",2004,76.54,62503,24.92,30.04,21.52,86.04,8.52,10.92
1,"Acre",2005,70.42,55479,25.54,30.99,21.67,82.16,9.32,11.54
1,"Acre",2006,88.96,75589,25.39,30.67,21.72,83.24,8.95,11.39
1,"Acre",2007,106.16,90786,25.29,30.62,21.55,83.37,9.07,11.29
1,"Acre",2008,101.46,94964,25.25,30.59,21.54,83.38,9.05,11.25
1,"Acre",2009,52.19,50109,25.5,30.51,22.07,85.35,8.44,11.5
1,"Acre",2010,65.87,65623,26,31.39,22.17,81.01,9.22,12
1,"Acre",2011,65.39,69730,25.58,30.72,22.14,84.02,8.58,11.58
1,"Acre",2012,60.17,64112,25.3,30.68,21.64,83.87,9.04,11.3
1,"Acre",2013,73.36,77742,25.29,30.56,21.71,84,8.85,11.29
1,"Acre",2014,83.5,100969,25.14,30.18,21.79,85.53,8.39,11.14
1,"Acre",2015,81,106268,25.72,30.87,22.32,84.95,8.55,11.72
1,"Acre",2016,85.02,113545,25.8,31.11,22.15,82.21,8.96,11.8
1,"Acre",2017,81.18,102949,25.46,30.66,22.01,83.12,8.65,11.46
1,"Acre",2018,73.7,90680,25.04,30.14,21.65,83.89,8.49,11.04
1,"Acre",2019,71.25,88169,25.43,30.69,22.03,83.42,8.66,11.43
1,"Acre",2020,69.15,86113,25.68,31.21,21.98,81.24,9.23,11.68
1,"Acre",2021,66.25,82367,25.39,30.67,21.7,82.29,8.97,11.39
1,"Acre",2022,66.75,82836,25.3,30.88,21.46,81.08,9.42,11.3
4,"Amazonas",2001,340.19,106019,25.58,30.44,22.55,88.11,7.89,11.58
4,"Amazonas",2002,346.29,377379,25.9,30.44,22.95,87.85,7.49,11.9
4,"Amazonas",2003,348.45,378800,25.95,30.75,22.97,87.38,7.78,11.95
4,"Amazonas",2004,322.68,354433,25.83,30.57,22.82,87.95,7.75,11.83
4,"Amazonas",2005,224.56,244767,26.2,31.15,22.99,86.27,8.16,12.2
4,"Amazonas",2006,225.77,262166,25.99,30.89,22.84,86.42,8.05,11.99
4,"Amazonas",2007,217.93,235242,26.03,30.94,22.85,85.86,8.09,12.03
4,"Amazonas",2008,143.21,90247,25.77,30.61,22.66,86.82,7.95,11.77
4,"Amazonas",2009,146.5,136108,26.12,30.92,23.01,86.42,7.91,12.12
4,"Amazonas",2010,67.68,79734,26.49,31.46,23.26,84.85,8.2,12.49
4,"Amazonas",2011,82.11,96239,26.12,30.99,23,85.83,7.99,12.12
4,"Amazonas",2012,54.4,63745,25.96,30.81,22.84,85.5,7.97,11.96
4,"Amazonas",2013,66.6,84726,25.93,30.66,22.89,86.6,7.77,11.93
4,"Amazonas",2014,50.74,54610,25.99,30.74,22.91,86.19,7.83,11.99
4,"Amazonas",2015,55.81,73444,26.52,31.5,23.26,84.25,8.24,12.52
4,"Amazonas",2016,62.51,88929,26.52,31.24,23.41,85.04,7.83,12.52
4,"Amazonas",2017,78.43,103477,26.21,31.01,23.09,85.09,7.92,12.21
4,"Amazonas",2018,78.05,113272,25.94,30.64,22.92,85.66,7.72,11.94
4,"Amazonas",2019,57.33,82246,26.12,30.78,23.15,85.94,7.63,12.12
4,"Amazonas",2020,63.46,92670,26.3,31.14,23.14,83.83,8,12.3
4,"Amazonas",2021,59.15,84755,25.95,30.58,22.92,84.96,7.66,11.95
4,"Amazonas",2022,61.42,88664,25.94,30.78,22.72,83.34,8.06,11.94
23,"Roraima",2001,35,28000,25.53,30.12,22.03,80.64,8.09,11.53
23,"Roraima",2002,29.65,23720,25.85,30.12,22.51,80.93,7.61,11.85
23,"Roraima",2003,32.5,29250,25.89,30.53,22.55,79.87,7.98,11.89
23,"Roraima",2004,39.7,36454,25.73,30.37,22.41,81.27,7.96,11.73
23,"Roraima",2005,39.7,36454,25.79,30.32,22.57,83,7.75,11.79
23,"Roraima",2006,39.7,36454,25.56,30.04,22.31,82.64,7.73,11.56
23,"Roraima",2007,39.7,36454,25.6,30.14,22.35,81.47,7.79,11.6
23,"Roraima",2008,39.7,36454,25.26,29.66,22.15,83.36,7.51,11.26
23,"Roraima",2009,46.4,45000,26.03,30.65,22.61,80.03,8.04,12.03
23,"Roraima",2010,46.4,45000,25.85,30.33,22.7,82.58,7.63,11.85
23,"Roraima",2011,46.4,45000,25.36,29.81,22.22,85.05,7.59,11.36
23,"Roraima",2012,55.68,53998,25.47,29.97,22.27,83.78,7.7,11.47
23,"Roraima",2013,87.35,92030,25.66,30.22,22.37,82.05,7.85,11.66
23,"Roraima",2014,90.35,96051,25.85,30.46,22.44,80.32,8.02,11.85
23,"Roraima",2015,109.01,115521,26.29,31,22.67,76.42,8.33,12.29
23,"Roraima",2016,70.68,56858,26.44,30.96,23.02,78.88,7.94,12.44
23,"Roraima",2017,61.26,49904,25.95,30.33,22.7,82.93,7.63,11.95
23,"Roraima",2018,61.01,61495,25.96,30.47,22.6,80.12,7.87,11.96
23,"Roraima",2019,65.83,59293,26.27,30.75,22.99,79.48,7.76,12.27
23,"Roraima",2020,65.96,62239,26.23,30.84,22.91,79.25,7.93,12.23
23,"Roraima",2021,56.75,63684,25.67,29.99,22.61,82.46,7.38,11.67
23,"Roraima",2022,64.05,69240,25.49,29.98,22.3,82.03,7.68,11.49
14,"Para",2001,583.11,712417,25.71,30.69,22.16,82.38,8.53,11.71
14,"Para",2002,530.54,723694,26.15,30.69,22.58,80.13,8.11,12.15
14,"Para",2003,521.09,705268,25.99,30.84,22.48,81.31,8.36,11.99
14,"Para",2004,422.34,540312,26,30.81,22.55,81.23,8.26,12
14,"Para",2005,418.33,537900,26.44,31.29,22.9,79.32,8.39,12.44
14,"Para",2006,430.49,551786,26.1,30.92,22.62,80.02,8.3,12.1
14,"Para",2007,445.52,570951,26.18,31.13,22.54,79.13,8.59,12.18
14,"Para",2008,432.13,555814,25.84,30.79,22.22,80.01,8.57,11.84
14,"Para",2009,389.25,501344,26.12,31.01,22.57,79.61,8.44,12.12
14,"Para",2010,417.11,539979,26.6,31.64,22.88,78.58,8.76,12.6
14,"Para",2011,407.1,545493,26.06,30.98,22.46,79.78,8.52,12.06
14,"Para",2012,413.84,547098,26.13,31.08,22.41,78.68,8.67,12.13
14,"Para",2013,435.1,585943,26.2,31.02,22.77,81.06,8.25,12.2
14,"Para",2014,454.28,588655,26.31,31.28,22.67,79.01,8.61,12.31
14,"Para",2015,460.79,595527,26.8,31.94,22.99,76.58,8.95,12.8
14,"Para",2016,424.72,504907,26.78,31.85,23.1,79.03,8.75,12.78
14,"Para",2017,431.45,514205,26.67,31.83,22.97,77.39,8.86,12.67
14,"Para",2018,353.48,417983,26.22,31.21,22.66,80.13,8.55,12.22
14,"Para",2019,336.62,381248,26.37,31.28,22.85,79.9,8.43,12.37
14,"Para",2020,356.54,407372,26.33,31.36,22.62,78.03,8.74,12.33
14,"Para",2021,397.36,472281,26.12,31.02,22.55,80.56,8.47,12.12
14,"Para",2022,391.26,485005,26.05,31.02,22.41,79.5,8.61,12.05
3,"Amapa",2001,6.25,2808,25.72,30.49,22.32,81.32,8.17,11.72
3,"Amapa",2002,5.6,2460,25.76,30.49,22.51,82.02,7.98,11.76
3,"Amapa",2003,5.4,2275,25.99,30.79,22.56,80.97,8.23,11.99
3,"Amapa",2004,5.25,2072,26.21,31.12,22.67,79.91,8.45,12.21
3,"Amapa",2005,6.8,2635,26.39,31.24,22.99,81.21,8.25,12.39
3,"Amapa",2006,7.2,3250,25.99,30.72,22.75,82.51,7.97,11.99
3,"Amapa",2007,9,4100,26.07,30.93,22.83,81.86,8.1,12.07
3,"Amapa",2008,12.87,4364,25.93,30.85,22.52,81.67,8.33,11.93
3,"Amapa",2009,14.32,5849,26.38,31.42,22.74,79.38,8.68,12.38
3,"Amapa",2010,14.93,6415,26.59,31.59,23.1,81.96,8.49,12.59
3,"Amapa",2011,15.23,12162,26.28,31.2,22.74,80.78,8.46,12.28
3,"Amapa",2012,18.5,15790,26.6,31.67,22.77,78.04,8.9,12.6
3,"Amapa",2013,19.85,17115,26.5,31.4,23.04,80.43,8.36,12.5
3,"Amapa",2014,20.86,18124,26.51,31.43,22.97,79.25,8.46,12.51
3,"Amapa",2015,21.5,18850,26.83,31.89,23.15,78.18,8.74,12.83
3,"Amapa",2016,21,18606,26.92,31.86,23.42,79.65,8.44,12.92
3,"Amapa",2017,21.8,19873,26.46,31.22,23.18,81.36,8.04,12.46
3,"Amapa",2018,16.5,14860,25.99,30.52,22.85,83.01,7.67,11.99
3,"Amapa",2019,16.94,15342,26.37,30.92,23.09,81.3,7.83,12.37
3,"Amapa",2020,17.22,15815,26.42,31.15,23.1,81.78,8.05,12.42
3,"Amapa",2021,17.5,15815,26.14,30.73,23.04,83.46,7.69,12.14
3,"Amapa",2022,19.01,17234,25.95,30.66,22.79,83.19,7.87,11.95
27,"Tocantins",2001,50.47,31301,26.38,31.72,22.03,70.92,9.69,12.38
27,"Tocantins",2002,49.89,30991,26.82,31.72,22.28,68.12,9.44,12.82
27,"Tocantins",2003,50.16,36300,26.61,31.93,22.21,69.3,9.72,12.61
27,"Tocantins",2004,45.38,35438,26.62,31.87,22.32,68.3,9.55,12.62
27,"Tocantins",2005,46.24,35368,26.76,32.05,22.38,67.98,9.67,12.76
27,"Tocantins",2006,40.18,32418,26.36,31.61,22.04,70.19,9.57,12.36
27,"Tocantins",2007,42.6,34437,26.92,32.46,22.3,64.74,10.16,12.92
27,"Tocantins",2008,40.3,31921,26.52,31.93,22.06,67.38,9.87,12.52
27,"Tocantins",2009,35.4,25348,26.44,31.58,22.26,72.62,9.32,12.44
27,"Tocantins",2010,35.58,25141,27.26,32.76,22.76,65.4,10,13.26
27,"Tocantins",2011,37.22,27865,26.48,31.88,22.06,68.51,9.82,12.48
27,"Tocantins",2012,34.77,26065,26.81,32.33,22.3,66.49,10.03,12.81
27,"Tocantins",2013,34.61,29356,26.99,32.31,22.65,68.69,9.66,12.99
27,"Tocantins",2014,32.7,27412,26.8,32.16,22.43,68.29,9.73,12.8
27,"Tocantins",2015,30.25,30876,27.4,33.01,22.7,66.29,10.31,13.4
27,"Tocantins",2016,32.02,32314,27.88,33.47,23.2,64.37,10.27,13.88
27,"Tocantins",2017,27.26,26501,27.39,32.87,22.83,64.49,10.04,13.39
27,"Tocantins",2018,112.44,73452,26.9,32.38,22.39,67.95,9.99,12.9
27,"Tocantins",2019,119.93,81708,27.26,32.74,22.75,67.21,9.99,13.26
27,"Tocantins",2020,33.92,30356,26.59,32.25,21.79,67.45,10.46,12.59
27,"Tocantins",2021,38.6,31133,26.29,31.79,21.7,69.46,10.09,12.29
27,"Tocantins",2022,38.45,30468,26.38,32.09,21.49,67.26,10.6,12.38
10,"Maranhao",2001,116.63,118173,26.56,31.68,22.41,75.22,9.27,12.56
10,"Maranhao",2002,115.78,126755,26.76,31.68,22.76,74.86,8.92,12.76
10,"Maranhao",2003,117.9,128839,26.84,31.84,22.79,74.26,9.05,12.84
10,"Maranhao",2004,118.67,128752,26.86,31.76,22.88,73.88,8.88,12.86
10,"Maranhao",2005,119.46,127927,27.29,32.32,23.18,71.4,9.14,13.29
10,"Maranhao",2006,116.05,124969,26.91,31.76,22.96,73.93,8.8,12.91
10,"Maranhao",2007,115.78,126067,27.31,32.37,23.17,70.28,9.2,13.31
10,"Maranhao",2008,106.9,114269,26.94,31.96,22.87,72.46,9.09,12.94
10,"Maranhao",2009,103.5,109353,26.79,31.67,22.93,75.65,8.74,12.79
10,"Maranhao",2010,109.21,115311,27.62,32.7,23.42,70.86,9.28,13.62
10,"Maranhao",2011,104.37,105473,26.85,31.86,22.8,74.05,9.06,12.85
10,"Maranhao",2012,101.19,107678,27.33,32.62,23.02,70.42,9.6,13.33
10,"Maranhao",2013,99.21,102974,27.39,32.43,23.29,73.12,9.14,13.39
10,"Maranhao",2014,98.32,101258,27.1,32.09,23.03,74.06,9.06,13.1
10,"Maranhao",2015,87.84,91027,27.63,32.82,23.36,70.97,9.46,13.63
10,"Maranhao",2016,69.41,72635,27.87,33.04,23.68,71.43,9.36,13.87
10,"Maranhao",2017,71,80765,27.52,32.52,23.43,71.29,9.09,13.52
10,"Maranhao",2018,61.96,71266,27.15,32.22,23.06,73.78,9.16,13.15
10,"Maranhao",2019,47.02,72100,27.34,32.35,23.31,73.67,9.04,13.34
10,"Maranhao",2020,42.16,66265,27.09,32.11,22.93,71.96,9.18,13.09
10,"Maranhao",2021,44.07,74060,26.9,31.79,22.91,74.9,8.88,12.9
10,"Maranhao",2022,45.14,75872,26.77,31.79,22.66,72.98,9.13,12.77
18,"Piaui",2001,28.43,35688,27.18,32.7,22.38,61.44,10.32,13.18
18,"Piaui",2002,28.48,34877,27.49,32.7,22.79,59.98,9.91,13.49
18,"Piaui",2003,24.96,31532,27.51,32.84,22.85,60.29,9.99,13.51
18,"Piaui",2004,22.37,28965,27.29,32.51,22.71,60.67,9.8,13.29
18,"Piaui",2005,19.33,25203,27.51,32.82,22.83,60.07,9.99,13.51
18,"Piaui",2006,19.22,25149,27.19,32.42,22.61,62.74,9.81,13.19
18,"Piaui",2007,18.27,24420,27.78,33.18,22.87,57.41,10.31,13.78
18,"Piaui",2008,18.22,24945,27.14,32.36,22.54,62.04,9.82,13.14
18,"Piaui",2009,20.28,29894,26.95,32.07,22.61,66.54,9.46,12.95
18,"Piaui",2010,20.65,31234,27.83,33.13,23.09,60.2,10.04,13.83
18,"Piaui",2011,19.03,34752,26.99,32.18,22.45,63.65,9.73,12.99
18,"Piaui",2012,19.57,35163,28.27,33.81,23.21,54.43,10.6,14.27
18,"Piaui",2013,19.57,37518,28.16,33.39,23.45,58.41,9.94,14.16
18,"Piaui",2014,19.88,38005,27.84,33,23.19,59.62,9.81,13.84
18,"Piaui",2015,20.7,40274,28.5,33.93,23.61,56.32,10.32,14.5
18,"Piaui",2016,19.67,37455,28.66,34.04,23.81,56.34,10.23,14.66
18,"Piaui",2017,18.52,36647,28.03,33.18,23.28,59.51,9.9,14.03
18,"Piaui",2018,20.12,41788,27.69,32.89,23.08,61.58,9.81,13.69
18,"Piaui",2019,24.15,52269,28.14,33.54,23.34,59.54,10.2,14.14
18,"Piaui",2020,25.35,53439,27.11,32.42,22.43,63.48,9.99,13.11
18,"Piaui",2021,25.91,53614,27.4,32.67,22.75,62.26,9.92,13.4
18,"Piaui",2022,26.59,53991,26.9,32.4,22.13,63.19,10.27,12.9
6,"Ceara",2001,415.48,296440,27.05,32.33,22.65,64.39,9.68,13.05
6,"Ceara",2002,419.36,334273,26.89,32.33,22.7,66.33,9.63,12.89
6,"Ceara",2003,420.68,341715,27.15,32.16,22.96,65.25,9.2,13.15
6,"Ceara",2004,422.61,367667,26.79,31.54,22.84,66.91,8.7,12.79
6,"Ceara",2005,421.2,363025,27.47,32.52,23.17,62.53,9.35,13.47
6,"Ceara",2006,427.18,408026,27.15,32.01,23.09,65.6,8.92,13.15
6,"Ceara",2007,429.1,385455,27.19,32.22,22.78,64.42,9.44,13.19
6,"Ceara",2008,435.11,423016,26.76,31.65,22.47,67.2,9.18,12.76
6,"Ceara",2009,447.42,429506,26.44,31.25,22.39,71.49,8.86,12.44
6,"Ceara",2010,462.2,445169,27.55,32.61,23.07,64.48,9.54,13.55
6,"Ceara",2011,477.45,494250,26.31,31.12,22.19,71.45,8.93,12.31
6,"Ceara",2012,474.13,415763,27.61,33,22.87,60.83,10.13,13.61
6,"Ceara",2013,492.55,375531,27.65,32.8,23.31,63.42,9.49,13.65
6,"Ceara",2014,466.54,452541,27.18,32.19,23.01,65.31,9.18,13.18
6,"Ceara",2015,444.82,385028,27.45,32.75,23.05,64.26,9.7,13.45
6,"Ceara",2016,391.4,323840,27.76,32.91,23.44,64.66,9.47,13.76
6,"Ceara",2017,400.29,393738,27.4,32.25,23.3,66.61,8.95,13.4
6,"Ceara",2018,343.78,337636,27.15,32.06,23.12,67.91,8.94,13.15
6,"Ceara",2019,350.27,406334,27.28,32.33,23.21,67.28,9.12,13.28
6,"Ceara",2020,356.9,431017,27.03,32.2,22.79,66.54,9.41,13.03
6,"Ceara",2021,359.97,412103,27.37,32.47,23.15,64.18,9.32,13.37
6,"Ceara",2022,369.83,440017,26.53,31.66,22.4,68.54,9.26,12.53
20,"Rio Grande do Norte",2001,43.15,123749,NA,NA,NA,NA,NA,NA
20,"Rio Grande do Norte",2002,57.9,163538,NA,NA,NA,NA,NA,NA
20,"Rio Grande do Norte",2003,62.64,157552,NA,NA,NA,NA,NA,NA
20,"Rio Grande do Norte",2004,63.55,199666,NA,NA,NA,NA,NA,NA
20,"Rio Grande do Norte",2005,66.52,201891,NA,NA,NA,NA,NA,NA
20,"Rio Grande do Norte",2006,65.8,202872,NA,NA,NA,NA,NA,NA
20,"Rio Grande do Norte",2007,68.43,191026,NA,NA,NA,NA,NA,NA
20,"Rio Grande do Norte",2008,51.74,115200,NA,NA,NA,NA,NA,NA
20,"Rio Grande do Norte",2009,52.51,136928,NA,NA,NA,NA,NA,NA
20,"Rio Grande do Norte",2010,56.03,145689,NA,NA,NA,NA,NA,NA
20,"Rio Grande do Norte",2011,55.4,142750,NA,NA,NA,NA,NA,NA
20,"Rio Grande do Norte",2012,53.05,147129,NA,NA,NA,NA,NA,NA
20,"Rio Grande do Norte",2013,51.86,148304,NA,NA,NA,NA,NA,NA
20,"Rio Grande do Norte",2014,58.16,171061,NA,NA,NA,NA,NA,NA
20,"Rio Grande do Norte",2015,54.15,159335,NA,NA,NA,NA,NA,NA
20,"Rio Grande do Norte",2016,51.26,155014,NA,NA,NA,NA,NA,NA
20,"Rio Grande do Norte",2017,74.46,210933,NA,NA,NA,NA,NA,NA
20,"Rio Grande do Norte",2018,78.07,216853,NA,NA,NA,NA,NA,NA
20,"Rio Grande do Norte",2019,77.05,219179,NA,NA,NA,NA,NA,NA
20,"Rio Grande do Norte",2020,78.03,193816,NA,NA,NA,NA,NA,NA
20,"Rio Grande do Norte",2021,79.28,219063,NA,NA,NA,NA,NA,NA
20,"Rio Grande do Norte",2022,85.84,238553,NA,NA,NA,NA,NA,NA
15,"Paraiba",2001,152.21,272584,26.19,31.53,21.5,63.54,10.03,12.19
15,"Paraiba",2002,169.37,287735,25.76,31.53,21.41,66.53,10.12,11.76
15,"Paraiba",2003,163,283810,26.34,31.55,21.91,63.79,9.64,12.34
15,"Paraiba",2004,165.42,284896,26,30.85,21.92,67.24,8.93,12
15,"Paraiba",2005,160.77,257447,25.91,30.97,21.45,65.38,9.52,11.91
15,"Paraiba",2006,171.97,264638,26.02,31.12,21.65,66.07,9.47,12.02
15,"Paraiba",2007,162.74,242915,25.77,31.1,21.1,66.2,10,11.77
15,"Paraiba",2008,169.76,260670,25.55,30.79,21,68.92,9.79,11.55
15,"Paraiba",2009,174.78,267468,25.73,30.97,21.31,70.79,9.66,11.73
15,"Paraiba",2010,179.69,209380,26.17,31.54,21.45,67.22,10.09,12.17
15,"Paraiba",2011,133.19,202791,25.43,30.57,20.99,71,9.58,11.43
15,"Paraiba",2012,128.3,141974,26.12,31.84,21.04,62.62,10.8,12.12
15,"Paraiba",2013,124.42,145721,26.32,31.71,21.64,64.43,10.07,12.32
15,"Paraiba",2014,108.7,131345,25.8,31.07,21.34,66.82,9.73,11.8
15,"Paraiba",2015,105.86,134606,26.32,31.89,21.54,64.42,10.35,12.32
15,"Paraiba",2016,107.53,133524,26.48,31.94,21.75,65.29,10.19,12.48
15,"Paraiba",2017,98.73,121398,26.28,31.42,22,66.66,9.42,12.28
15,"Paraiba",2018,106.68,133200,26.17,31.38,21.8,66.9,9.58,12.17
15,"Paraiba",2019,108.43,133514,26.28,31.5,21.92,67.52,9.58,12.28
15,"Paraiba",2020,107.06,138732,25.93,31.11,21.59,67.2,9.52,11.93
15,"Paraiba",2021,105.94,131102,26.2,31.47,21.76,65.2,9.71,12.2
15,"Paraiba",2022,104.3,142325,25.58,30.61,21.36,69.52,9.25,11.58
17,"Pernambuco",2001,372.19,330227,25.39,30.64,20.79,65.15,9.85,11.39
17,"Pernambuco",2002,382.72,367481,25.25,30.64,20.82,66.39,9.82,11.25
17,"Pernambuco",2003,395.62,418004,25.82,31.06,21.26,63.31,9.8,11.82
17,"Pernambuco",2004,357.4,355604,25.4,30.34,21.14,66.83,9.2,11.4
17,"Pernambuco",2005,358.82,359432,25.35,30.45,20.86,66.63,9.59,11.35
17,"Pernambuco",2006,380.15,388875,25.28,30.38,20.88,67.54,9.5,11.28
17,"Pernambuco",2007,389.19,382417,25.15,30.4,20.54,67.03,9.86,11.15
17,"Pernambuco",2008,425.3,395209,25.13,30.24,20.63,68.49,9.61,11.13
17,"Pernambuco",2009,429.1,437155,25.44,30.55,21.06,70.16,9.49,11.44
17,"Pernambuco",2010,455.38,517285,25.49,30.63,20.99,68.91,9.64,11.49
17,"Pernambuco",2011,510.28,545707,25.06,30.14,20.67,69.95,9.47,11.06
17,"Pernambuco",2012,408.05,407574,25.75,31.32,20.71,62.06,10.61,11.75
17,"Pernambuco",2013,363.09,364144,25.83,31.08,21.24,64.77,9.84,11.83
17,"Pernambuco",2014,388.56,396470,25.29,30.41,20.98,67.37,9.43,11.29
17,"Pernambuco",2015,375.42,334125,26.1,31.59,21.38,63.51,10.21,12.1
17,"Pernambuco",2016,361.25,352067,26.07,31.38,21.44,64.98,9.94,12.07
17,"Pernambuco",2017,370.21,335836,25.77,30.74,21.61,66.82,9.13,11.77
17,"Pernambuco",2018,414.62,439118,25.6,30.72,21.34,67.75,9.38,11.6
17,"Pernambuco",2019,439.09,496991,25.86,31.01,21.52,66.63,9.49,11.86
17,"Pernambuco",2020,422.22,461862,25.33,30.39,21.12,67.52,9.27,11.33
17,"Pernambuco",2021,431.8,474704,25.6,30.66,21.36,65.65,9.3,11.6
17,"Pernambuco",2022,442.11,497050,24.87,29.76,20.78,70.73,8.98,10.87
2,"Alagoas",2001,47.17,100463,25.13,29.31,21.62,76.21,7.69,11.13
2,"Alagoas",2002,46.69,64520,24.96,29.31,21.71,77.29,7.6,10.96
2,"Alagoas",2003,40.64,50638,25.66,30.02,22.2,73.29,7.82,11.66
2,"Alagoas",2004,42.55,51799,25.3,29.41,22.04,76.35,7.37,11.3
2,"Alagoas",2005,40.85,49127,25.33,29.64,21.8,75.58,7.84,11.33
2,"Alagoas",2006,40.07,43852,25.23,29.53,21.69,75.68,7.84,11.23
2,"Alagoas",2007,40.03,43658,24.88,29.13,21.41,77.41,7.72,10.88
2,"Alagoas",2008,42.29,46519,25.23,29.56,21.65,76.23,7.91,11.23
2,"Alagoas",2009,42.47,47282,25.73,30.15,22.1,76.14,8.05,11.73
2,"Alagoas",2010,41.27,49192,25.45,29.68,21.95,77.42,7.73,11.45
2,"Alagoas",2011,40.53,49397,25.11,29.25,21.67,77.87,7.58,11.11
2,"Alagoas",2012,32.13,44205,25.31,29.82,21.54,73.25,8.28,11.31
2,"Alagoas",2013,39.27,35698,25.62,29.9,22.08,74.29,7.82,11.62
2,"Alagoas",2014,36.69,46080,25.17,29.34,21.7,76.32,7.64,11.17
2,"Alagoas",2015,38.28,50941,25.83,30.41,22.05,73.4,8.36,11.83
2,"Alagoas",2016,47.89,59181,25.88,30.18,22.3,74.15,7.88,11.88
2,"Alagoas",2017,65.01,95692,25.43,29.35,22.34,76.34,7.01,11.43
2,"Alagoas",2018,78.4,104910,25.67,29.94,22.31,74.59,7.63,11.67
2,"Alagoas",2019,86.5,104048,25.87,30.11,22.39,74.66,7.72,11.87
2,"Alagoas",2020,88.12,112394,25.57,29.95,22.21,74.84,7.74,11.57
2,"Alagoas",2021,90.16,112404,25.61,29.91,22.31,74.81,7.6,11.61
2,"Alagoas",2022,86.82,108231,25.21,29.33,21.89,77.21,7.44,11.21
26,"Sergipe",2001,39.73,52915,25.18,29.3,21.79,77.14,7.51,11.18
26,"Sergipe",2002,41.09,59655,25.1,29.3,21.81,77.69,7.49,11.1
26,"Sergipe",2003,45.64,63823,25.69,30.05,22.25,74.61,7.8,11.69
26,"Sergipe",2004,43.32,64936,25.41,29.57,22.05,76.26,7.52,11.41
26,"Sergipe",2005,42.67,64547,25.53,29.84,22.03,76.18,7.81,11.53
26,"Sergipe",2006,42.48,64885,25.28,29.52,21.77,76.86,7.75,11.28
26,"Sergipe",2007,42.21,64210,25.12,29.3,21.68,77.51,7.62,11.12
26,"Sergipe",2008,38.71,56239,25.51,29.74,22.01,76.26,7.73,11.51
26,"Sergipe",2009,38.98,55935,26,30.24,22.5,76.62,7.74,12
26,"Sergipe",2010,40.64,57236,25.67,29.64,22.37,78.09,7.27,11.67
26,"Sergipe",2011,37.32,47735,25.43,29.43,22.07,77.42,7.36,11.43
26,"Sergipe",2012,32.74,42142,25.56,29.91,21.92,73.87,7.99,11.56
26,"Sergipe",2013,27.9,37494,25.8,29.97,22.44,75.03,7.53,11.8
26,"Sergipe",2014,25.52,35301,25.43,29.44,22.1,76.68,7.34,11.43
26,"Sergipe",2015,22.37,29337,25.98,30.32,22.49,75.07,7.83,11.98
26,"Sergipe",2016,18.77,22739,26.09,30.31,22.64,74.95,7.67,12.09
26,"Sergipe",2017,20,26574,25.56,29.49,22.48,76.44,7.01,11.56
26,"Sergipe",2018,19.86,22859,25.98,30.25,22.65,74.55,7.6,11.98
26,"Sergipe",2019,19.87,25032,26.17,30.41,22.77,74.58,7.64,12.17
26,"Sergipe",2020,18.53,25076,25.72,30.08,22.45,75.12,7.63,11.72
26,"Sergipe",2021,19.62,29269,25.75,30.05,22.51,74.55,7.54,11.75
26,"Sergipe",2022,20.72,28720,25.42,29.54,22.08,76.84,7.46,11.42
5,"Bahia",2001,474.2,717220,24.52,29.84,19.96,66.39,9.88,10.52
5,"Bahia",2002,504,763901,24.6,29.84,19.98,66.17,9.86,10.6
5,"Bahia",2003,530.4,783431,24.86,30.2,20.18,65.1,10.02,10.86
5,"Bahia",2004,619.12,872474,24.31,29.42,19.84,68.15,9.58,10.31
5,"Bahia",2005,708.96,975620,24.46,29.57,19.96,69.1,9.61,10.46
5,"Bahia",2006,807.98,1182941,24.23,29.34,19.75,69.53,9.59,10.23
5,"Bahia",2007,894.66,1386016,24.51,29.86,19.75,66.14,10.11,10.51
5,"Bahia",2008,912.59,1417537,24.63,29.93,19.97,66.55,9.96,10.63
5,"Bahia",2009,654.87,1015505,24.92,29.97,20.53,69.51,9.44,10.92
5,"Bahia",2010,666.23,1079050,24.93,30.11,20.44,67.23,9.67,10.93
5,"Bahia",2011,749.65,1239650,24.37,29.55,19.89,67.93,9.66,10.37
5,"Bahia",2012,723.79,1083346,24.99,30.5,20.04,62.43,10.46,10.99
5,"Bahia",2013,738.37,1113930,25.12,30.3,20.62,65.58,9.68,11.12
5,"Bahia",2014,717.04,1088647,24.7,29.82,20.24,66.82,9.58,10.7
5,"Bahia",2015,715.78,1072085,25.52,30.98,20.76,63.9,10.22,11.52
5,"Bahia",2016,680.99,980148,25.38,30.76,20.68,64.91,10.08,11.38
5,"Bahia",2017,725.84,866591,24.86,30.16,20.17,65.41,9.99,10.86
5,"Bahia",2018,660.36,830412,24.89,30.13,20.37,67.7,9.76,10.89
5,"Bahia",2019,652.75,843391,25.61,31.05,20.84,64.15,10.21,11.61
5,"Bahia",2020,649.12,785061,24.43,29.74,20,69.12,9.74,10.43
5,"Bahia",2021,654.5,869088,24.59,30.15,19.9,65.78,10.25,10.59
5,"Bahia",2022,663.58,892990,24.23,29.7,19.56,68.55,10.14,10.23
13,"Minas Gerais",2001,421.1,593877,22.54,28.08,17.8,69.11,10.28,8.54
13,"Minas Gerais",2002,434.53,607575,23.09,28.08,18.42,68.27,9.66,9.09
13,"Minas Gerais",2003,390.58,544081,22.7,28.36,17.89,67.61,10.47,8.7
13,"Minas Gerais",2004,384.82,561721,22.16,27.4,17.81,71.24,9.59,8.16
13,"Minas Gerais",2005,376.7,550503,22.59,27.84,18.17,70.97,9.67,8.59
13,"Minas Gerais",2006,376.14,554039,22.23,27.59,17.73,71.52,9.86,8.23
13,"Minas Gerais",2007,367.45,536576,22.87,28.58,17.93,66.14,10.65,8.87
13,"Minas Gerais",2008,363.72,535824,22.52,28.01,17.82,68.81,10.19,8.52
13,"Minas Gerais",2009,391.94,620931,22.75,28.03,18.37,72.32,9.66,8.75
13,"Minas Gerais",2010,404.72,654444,22.7,28.36,17.89,68.02,10.47,8.7
13,"Minas Gerais",2011,414.09,654566,22.2,27.68,17.52,69.39,10.16,8.2
13,"Minas Gerais",2012,417.65,687293,22.75,28.28,17.91,66.82,10.37,8.75
13,"Minas Gerais",2013,413.41,736038,22.63,27.96,18.08,69.61,9.88,8.63
13,"Minas Gerais",2014,409.96,711397,23.12,28.75,18.19,64.59,10.56,9.12
13,"Minas Gerais",2015,455.98,795900,23.84,29.5,18.94,65.15,10.56,9.84
13,"Minas Gerais",2016,447.65,773197,23.49,29.14,18.64,65.87,10.5,9.49
13,"Minas Gerais",2017,415.25,686344,22.94,28.38,18.1,65.46,10.28,8.94
13,"Minas Gerais",2018,469.1,774166,22.94,28.36,18.27,68.86,10.09,8.94
13,"Minas Gerais",2019,481.12,824134,23.63,29.32,18.67,65.24,10.65,9.63
13,"Minas Gerais",2020,478.72,833715,22.43,28,17.74,68.36,10.26,8.43
13,"Minas Gerais",2021,470.44,791746,22.44,28.17,17.56,65.28,10.61,8.44
13,"Minas Gerais",2022,489.17,841688,22.2,27.95,17.39,66.21,10.56,8.2
8,"Espirito Santo",2001,193.15,137314,23.13,27.7,19.34,79.41,8.36,9.13
8,"Espirito Santo",2002,190.14,137380,23.48,27.7,19.8,79.58,7.9,9.48
8,"Espirito Santo",2003,194.83,158340,23.46,28.41,19.52,76.38,8.89,9.46
8,"Espirito Santo",2004,196.91,170509,22.73,27.14,19.21,80.62,7.93,8.73
8,"Espirito Santo",2005,204.56,180207,23.16,27.53,19.72,81.47,7.81,9.16
8,"Espirito Santo",2006,202.77,180026,22.89,27.45,19.21,79.68,8.24,8.89
8,"Espirito Santo",2007,202.09,186393,23.23,28.25,19.13,77.42,9.12,9.23
8,"Espirito Santo",2008,200.09,189734,23.1,27.88,19.22,78.44,8.66,9.1
8,"Espirito Santo",2009,197.57,196678,23.6,28.37,19.78,79.03,8.59,9.6
8,"Espirito Santo",2010,194.09,187544,23.4,28.32,19.37,76.78,8.95,9.4
8,"Espirito Santo",2011,210.35,218016,22.56,27.32,18.61,78.7,8.71,8.56
8,"Espirito Santo",2012,213.5,241997,23.06,27.95,18.98,77.33,8.97,9.06
8,"Espirito Santo",2013,217.93,248653,23.06,27.65,19.25,78.04,8.4,9.06
8,"Espirito Santo",2014,223.3,294371,23.21,28.08,19,76.1,9.08,9.21
8,"Espirito Santo",2015,236.38,277512,24.18,29.21,19.96,74.75,9.25,10.18
8,"Espirito Santo",2016,233.85,262566,23.99,29.05,19.81,74.72,9.24,9.99
8,"Espirito Santo",2017,250.2,339082,23.19,28.14,19.08,75.39,9.06,9.19
8,"Espirito Santo",2018,281.91,408867,23.32,28,19.57,79.73,8.43,9.32
8,"Espirito Santo",2019,282.36,410020,23.94,29.02,19.88,75.48,9.14,9.94
8,"Espirito Santo",2020,287.37,415882,22.96,27.66,19.34,76.81,8.32,8.96
8,"Espirito Santo",2021,287.97,412684,22.87,27.67,19.07,75.04,8.6,8.87
8,"Espirito Santo",2022,285.95,399989,22.95,27.87,19.11,74.98,8.76,8.95
19,"Rio de Janeiro",2001,266.76,159764,NA,NA,NA,NA,NA,NA
19,"Rio de Janeiro",2002,261.8,176633,NA,NA,NA,NA,NA,NA
19,"Rio de Janeiro",2003,255.63,161769,NA,NA,NA,NA,NA,NA
19,"Rio de Janeiro",2004,242.95,160916,NA,NA,NA,NA,NA,NA
19,"Rio de Janeiro",2005,240.77,162327,NA,NA,NA,NA,NA,NA
19,"Rio de Janeiro",2006,238.12,163670,NA,NA,NA,NA,NA,NA
19,"Rio de Janeiro",2007,235.99,159213,NA,NA,NA,NA,NA,NA
19,"Rio de Janeiro",2008,233.92,159427,NA,NA,NA,NA,NA,NA
19,"Rio de Janeiro",2009,228.76,155216,NA,NA,NA,NA,NA,NA
19,"Rio de Janeiro",2010,226.27,152486,NA,NA,NA,NA,NA,NA
19,"Rio de Janeiro",2011,229.45,152326,NA,NA,NA,NA,NA,NA
19,"Rio de Janeiro",2012,230,153752,NA,NA,NA,NA,NA,NA
19,"Rio de Janeiro",2013,223.65,150586,NA,NA,NA,NA,NA,NA
19,"Rio de Janeiro",2014,210.75,131702,NA,NA,NA,NA,NA,NA
19,"Rio de Janeiro",2015,201.24,140876,NA,NA,NA,NA,NA,NA
19,"Rio de Janeiro",2016,207.74,142817,NA,NA,NA,NA,NA,NA
19,"Rio de Janeiro",2017,114.2,88183,NA,NA,NA,NA,NA,NA
19,"Rio de Janeiro",2018,92.76,74975,NA,NA,NA,NA,NA,NA
19,"Rio de Janeiro",2019,94.69,76520,NA,NA,NA,NA,NA,NA
19,"Rio de Janeiro",2020,87.64,67673,NA,NA,NA,NA,NA,NA
19,"Rio de Janeiro",2021,84.45,67688,NA,NA,NA,NA,NA,NA
19,"Rio de Janeiro",2022,77.68,63690,NA,NA,NA,NA,NA,NA
25,"Sao Paulo",2001,539.97,1105827,22.26,27.69,17.91,73.16,9.78,8.26
25,"Sao Paulo",2002,557.7,1151600,23.04,27.69,18.76,70.36,8.93,9.04
25,"Sao Paulo",2003,572.4,1182585,22.25,27.72,17.98,70.85,9.74,8.25
25,"Sao Paulo",2004,488.2,1060520,21.83,26.96,17.83,73.02,9.13,7.83
25,"Sao Paulo",2005,527,1178140,22.5,27.63,18.49,72.34,9.14,8.5
25,"Sao Paulo",2006,533.46,1175768,22.36,27.71,18.14,71.05,9.57,8.36
25,"Sao Paulo",2007,523.79,1121261,22.76,28.26,18.31,69.96,9.95,8.76
25,"Sao Paulo",2008,562.24,1225083,22.02,27.32,17.79,72.45,9.53,8.02
25,"Sao Paulo",2009,530.78,1257539,22.23,27.27,18.32,76.49,8.95,8.23
25,"Sao Paulo",2010,566.78,1238243,22.26,27.87,17.8,70.57,10.07,8.26
25,"Sao Paulo",2011,591.57,1354528,22.16,27.7,17.74,70.53,9.96,8.16
25,"Sao Paulo",2012,536.96,1215435,22.75,28.21,18.37,70.01,9.84,8.75
25,"Sao Paulo",2013,507.09,1090009,22.13,27.48,17.89,72.77,9.59,8.13
25,"Sao Paulo",2014,512.24,1056387,23.12,28.77,18.53,67.44,10.24,9.12
25,"Sao Paulo",2015,486.95,998038,23.16,28.42,19.1,73.74,9.32,9.16
25,"Sao Paulo",2016,515.12,1089820,22.63,28.19,18.21,70.6,9.98,8.63
25,"Sao Paulo",2017,490.12,1080759,22.78,28.13,18.46,70.16,9.67,8.78
25,"Sao Paulo",2018,487.6,1061610,22.94,28.34,18.58,69.67,9.76,8.94
25,"Sao Paulo",2019,504.06,1008572,23.31,28.86,18.79,68.72,10.07,9.31
25,"Sao Paulo",2020,488.17,1000132,22.5,28.52,17.54,66.13,10.98,8.5
25,"Sao Paulo",2021,480.13,1007343,22.3,28.25,17.42,65.22,10.83,8.3
25,"Sao Paulo",2022,464.16,991836,21.92,27.52,17.41,68.97,10.11,7.92
16,"Parana",2001,92.45,157579,20.25,25.65,16.03,78.83,9.62,6.25
16,"Parana",2002,91.25,168074,20.81,25.65,16.55,76.62,9.1,6.81
16,"Parana",2003,98.02,240922,19.95,25.69,15.47,75.16,10.22,5.95
16,"Parana",2004,92.88,188387,19.85,25.21,15.61,76.19,9.6,5.85
16,"Parana",2005,98.49,229493,20.41,25.78,16.18,76.3,9.6,6.41
16,"Parana",2006,98.62,231757,20.42,26.03,16.07,73.82,9.96,6.42
16,"Parana",2007,99,230670,20.52,26.15,16.1,75.85,10.05,6.52
16,"Parana",2008,99.23,248320,19.72,25.23,15.35,76.88,9.88,5.72
16,"Parana",2009,99,229683,19.94,25.23,15.79,79.58,9.44,5.94
16,"Parana",2010,102.81,237267,19.66,25.1,15.36,77.82,9.74,5.66
16,"Parana",2011,106.84,243595,19.78,25.26,15.47,75.99,9.79,5.78
16,"Parana",2012,115.51,276890,20.62,26.24,16.2,74.53,10.04,6.62
16,"Parana",2013,117.07,280458,19.82,25.22,15.54,77.45,9.68,5.82
16,"Parana",2014,82.57,207327,20.63,26.04,16.4,77.06,9.64,6.63
16,"Parana",2015,82.75,203551,20.77,25.9,16.9,79.69,9,6.77
16,"Parana",2016,80.05,185869,19.94,25.4,15.66,76.64,9.74,5.94
16,"Parana",2017,77.76,177196,20.66,26.07,16.48,75.22,9.59,6.66
16,"Parana",2018,74.98,188773,20.46,25.82,16.29,75.65,9.53,6.46
16,"Parana",2019,81.93,191065,21.17,26.62,16.88,74.14,9.74,7.17
16,"Parana",2020,81.24,184751,20.54,26.45,15.81,70.27,10.64,6.54
16,"Parana",2021,71.21,167106,20.15,25.84,15.65,71.21,10.19,6.15
16,"Parana",2022,75.82,143912,19.66,24.86,15.49,74.93,9.37,5.66
24,"Santa Catarina",2001,287.85,585858,18.33,23.41,14.57,81.72,8.84,4.33
24,"Santa Catarina",2002,290.99,628850,18.43,23.41,14.72,81.2,8.69,4.43
24,"Santa Catarina",2003,297.14,618403,17.9,23.27,13.81,77.93,9.46,3.9
24,"Santa Catarina",2004,300.69,655680,17.47,22.57,13.58,79.89,8.99,3.47
24,"Santa Catarina",2005,311.64,668003,18.05,23.1,14.19,80.07,8.91,4.05
24,"Santa Catarina",2006,306.72,596636,18.07,23.41,14.06,78.43,9.35,4.07
24,"Santa Catarina",2007,310.9,655973,17.98,23.21,14.05,80.93,9.16,3.98
24,"Santa Catarina",2008,309.31,575798,17.29,22.41,13.33,80.86,9.08,3.29
24,"Santa Catarina",2009,309.22,624204,17.58,22.69,13.69,81.52,9,3.58
24,"Santa Catarina",2010,304.19,664012,17.56,22.51,13.78,81.21,8.73,3.56
24,"Santa Catarina",2011,304.27,650518,17.41,22.37,13.64,81,8.73,3.41
24,"Santa Catarina",2012,295.59,689815,18.3,23.62,14.28,79.18,9.34,4.3
24,"Santa Catarina",2013,290.31,664336,17.48,22.59,13.46,80.63,9.13,3.48
24,"Santa Catarina",2014,295.09,701484,18.53,23.5,14.68,80.54,8.82,4.53
24,"Santa Catarina",2015,295.64,710183,18.61,23.25,15.14,82.75,8.11,4.61
24,"Santa Catarina",2016,295.75,721579,17.66,22.62,13.82,80.61,8.8,3.66
24,"Santa Catarina",2017,291.45,712775,18.6,23.61,14.86,79.56,8.75,4.6
24,"Santa Catarina",2018,289.27,709486,18.13,23.02,14.4,80.44,8.62,4.13
24,"Santa Catarina",2019,293.64,723435,18.72,23.62,14.98,80.02,8.64,4.72
24,"Santa Catarina",2020,294.1,669255,18.02,23.37,13.94,76.68,9.43,4.02
24,"Santa Catarina",2021,296.46,708983,17.58,22.59,13.83,78.51,8.76,3.58
24,"Santa Catarina",2022,299.91,722860,17.37,22.19,13.65,79.33,8.54,3.37
21,"Rio Grande do Sul",2001,83.01,102571,NA,NA,NA,NA,NA,NA
21,"Rio Grande do Sul",2002,108.79,115262,NA,NA,NA,NA,NA,NA
21,"Rio Grande do Sul",2003,107.68,114685,NA,NA,NA,NA,NA,NA
21,"Rio Grande do Sul",2004,103.81,95340,NA,NA,NA,NA,NA,NA
21,"Rio Grande do Sul",2005,105.01,108187,NA,NA,NA,NA,NA,NA
21,"Rio Grande do Sul",2006,113.44,118174,NA,NA,NA,NA,NA,NA
21,"Rio Grande do Sul",2007,115.45,110155,NA,NA,NA,NA,NA,NA
21,"Rio Grande do Sul",2008,120.88,118856,NA,NA,NA,NA,NA,NA
21,"Rio Grande do Sul",2009,122.91,121640,NA,NA,NA,NA,NA,NA
21,"Rio Grande do Sul",2010,122.6,121451,NA,NA,NA,NA,NA,NA
21,"Rio Grande do Sul",2011,122.17,89420,NA,NA,NA,NA,NA,NA
21,"Rio Grande do Sul",2012,121.97,110558,NA,NA,NA,NA,NA,NA
21,"Rio Grande do Sul",2013,122.08,122934,NA,NA,NA,NA,NA,NA
21,"Rio Grande do Sul",2014,122.26,138072,NA,NA,NA,NA,NA,NA
21,"Rio Grande do Sul",2015,118.24,134298,NA,NA,NA,NA,NA,NA
21,"Rio Grande do Sul",2016,118.52,129599,NA,NA,NA,NA,NA,NA
21,"Rio Grande do Sul",2017,118.54,135153,NA,NA,NA,NA,NA,NA
21,"Rio Grande do Sul",2018,118.76,135311,NA,NA,NA,NA,NA,NA
21,"Rio Grande do Sul",2019,118.8,135804,NA,NA,NA,NA,NA,NA
21,"Rio Grande do Sul",2020,121.54,67056,NA,NA,NA,NA,NA,NA
21,"Rio Grande do Sul",2021,122.07,139239,NA,NA,NA,NA,NA,NA
21,"Rio Grande do Sul",2022,121.64,137730,NA,NA,NA,NA,NA,NA
12,"Mato Grosso do Sul",2001,34.99,32094,NA,NA,NA,NA,NA,NA
12,"Mato Grosso do Sul",2002,31.98,29799,NA,NA,NA,NA,NA,NA
12,"Mato Grosso do Sul",2003,27.63,26820,NA,NA,NA,NA,NA,NA
12,"Mato Grosso do Sul",2004,20.43,19799,NA,NA,NA,NA,NA,NA
12,"Mato Grosso do Sul",2005,17.14,16449,NA,NA,NA,NA,NA,NA
12,"Mato Grosso do Sul",2006,10.68,8475,NA,NA,NA,NA,NA,NA
12,"Mato Grosso do Sul",2007,12.84,8616,NA,NA,NA,NA,NA,NA
12,"Mato Grosso do Sul",2008,9.65,7134,NA,NA,NA,NA,NA,NA
12,"Mato Grosso do Sul",2009,13.48,10797,NA,NA,NA,NA,NA,NA
12,"Mato Grosso do Sul",2010,12.56,9364,NA,NA,NA,NA,NA,NA
12,"Mato Grosso do Sul",2011,14.95,11630,NA,NA,NA,NA,NA,NA
12,"Mato Grosso do Sul",2012,14.02,11819,NA,NA,NA,NA,NA,NA
12,"Mato Grosso do Sul",2013,14.02,12445,NA,NA,NA,NA,NA,NA
12,"Mato Grosso do Sul",2014,13.8,15004,NA,NA,NA,NA,NA,NA
12,"Mato Grosso do Sul",2015,14.08,15577,NA,NA,NA,NA,NA,NA
12,"Mato Grosso do Sul",2016,15.85,16961,NA,NA,NA,NA,NA,NA
12,"Mato Grosso do Sul",2017,16.49,17064,NA,NA,NA,NA,NA,NA
12,"Mato Grosso do Sul",2018,13.6,14737,NA,NA,NA,NA,NA,NA
12,"Mato Grosso do Sul",2019,16.18,16978,NA,NA,NA,NA,NA,NA
12,"Mato Grosso do Sul",2020,11.76,11030,NA,NA,NA,NA,NA,NA
12,"Mato Grosso do Sul",2021,12.69,12836,NA,NA,NA,NA,NA,NA
12,"Mato Grosso do Sul",2022,10.88,11197,NA,NA,NA,NA,NA,NA
11,"Mato Grosso",2001,228.85,119623,25.34,30.74,21.39,75.93,9.35,11.34
11,"Mato Grosso",2002,78.76,53360,25.99,30.74,22.03,73.58,8.71,11.99
11,"Mato Grosso",2003,117.34,70328,25.33,30.78,21.42,74.84,9.36,11.33
11,"Mato Grosso",2004,109.14,66978,25.42,30.86,21.48,74.33,9.38,11.42
11,"Mato Grosso",2005,84.25,60527,25.59,31.03,21.63,73.95,9.4,11.59
11,"Mato Grosso",2006,75.27,55470,25.44,30.85,21.53,74.53,9.32,11.44
11,"Mato Grosso",2007,71.4,55758,25.76,31.48,21.58,71.77,9.9,11.76
11,"Mato Grosso",2008,66.31,55461,25.32,30.95,21.22,73.13,9.73,11.32
11,"Mato Grosso",2009,59.58,50331,25.5,30.85,21.61,76.76,9.24,11.5
11,"Mato Grosso",2010,62.68,52348,25.97,31.75,21.69,69.9,10.06,11.97
11,"Mato Grosso",2011,67.93,63878,25.52,31.12,21.42,73.18,9.7,11.52
11,"Mato Grosso",2012,60.15,57387,25.55,31.23,21.4,73.42,9.83,11.55
11,"Mato Grosso",2013,63,68073,25.48,30.98,21.51,75.36,9.47,11.48
11,"Mato Grosso",2014,62.42,72727,25.59,31.15,21.62,75.85,9.53,11.59
11,"Mato Grosso",2015,57.57,70046,26.17,31.97,22.04,74,9.93,12.17
11,"Mato Grosso",2016,64.08,72009,25.97,31.62,21.91,74.01,9.71,11.97
11,"Mato Grosso",2017,67.24,74821,25.9,31.6,21.79,73.24,9.81,11.9
11,"Mato Grosso",2018,70.99,72875,25.42,31,21.43,75.72,9.57,11.42
11,"Mato Grosso",2019,70.69,78775,26.14,31.84,22.08,72.39,9.76,12.14
11,"Mato Grosso",2020,67.62,72986,26.04,32.02,21.39,68.85,10.63,12.04
11,"Mato Grosso",2021,68.63,70212,25.59,31.32,21.32,72.13,10,11.59
11,"Mato Grosso",2022,72.45,75886,25.52,31.38,21.04,69.62,10.34,11.52
9,"Goias",2001,130.13,152055,24.33,29.94,19.62,66.82,10.32,10.33
9,"Goias",2002,130.88,158169,25.14,29.94,20.21,63.09,9.73,11.14
9,"Goias",2003,130.61,156374,24.41,30.12,19.55,66.04,10.57,10.41
9,"Goias",2004,133.88,159669,24.47,29.99,19.85,66.47,10.14,10.47
9,"Goias",2005,132.38,153018,24.52,30.08,19.8,66.71,10.28,10.52
9,"Goias",2006,131.91,155943,24.12,29.62,19.43,68.12,10.19,10.12
9,"Goias",2007,136.24,165027,24.93,30.79,19.85,61.6,10.94,10.93
9,"Goias",2008,137.06,162915,24.39,30.07,19.58,64.83,10.49,10.39
9,"Goias",2009,134.97,170794,24.56,29.94,20.14,69.2,9.8,10.56
9,"Goias",2010,140.26,183757,25.05,30.91,20.1,61.45,10.81,11.05
9,"Goias",2011,126.4,173602,24.37,29.94,19.68,65.42,10.26,10.37
9,"Goias",2012,125.49,197990,24.79,30.43,20.02,63.16,10.41,10.79
9,"Goias",2013,124.41,196540,24.49,30.03,19.89,66.36,10.14,10.49
9,"Goias",2014,123.8,196701,24.68,30.34,19.93,64.38,10.41,10.68
9,"Goias",2015,130.61,195051,25.16,30.99,20.26,65,10.73,11.16
9,"Goias",2016,135.84,199293,25.24,31.1,20.36,62.68,10.74,11.24
9,"Goias",2017,137.19,208911,24.8,30.49,19.96,62.59,10.53,10.8
9,"Goias",2018,135.52,209912,24.42,30.08,19.66,66.46,10.42,10.42
9,"Goias",2019,138.52,219734,25.22,31.05,20.42,62.79,10.63,11.22
9,"Goias",2020,138.8,221539,24.42,30.33,19.33,63.37,11,10.42
9,"Goias",2021,122.33,202049,24.2,30.07,19.18,63.03,10.89,10.2
9,"Goias",2022,128.8,198033,24.03,30,18.95,62.67,11.05,10.03
7,"Distrito Federal",2001,1.71,3065,22.32,27.86,17.48,66.13,10.38,8.32
7,"Distrito Federal",2002,1.62,2968,22.9,27.86,17.86,63.16,10,8.9
7,"Distrito Federal",2003,1.03,1461,22.22,27.92,17.28,66.6,10.64,8.22
7,"Distrito Federal",2004,1.3,1957,22.38,27.76,17.76,66.99,10,8.38
7,"Distrito Federal",2005,1.42,2154,22.27,27.74,17.46,66.86,10.28,8.27
7,"Distrito Federal",2006,1.52,2232,21.78,27.18,17.06,69.63,10.12,7.78
7,"Distrito Federal",2007,2.01,3861,22.62,28.42,17.45,61.72,10.97,8.62
7,"Distrito Federal",2008,2.06,4172,22.29,27.91,17.39,64.1,10.52,8.29
7,"Distrito Federal",2009,1.84,3710,22.47,27.81,18.04,69.72,9.77,8.47
7,"Distrito Federal",2010,1.81,3915,22.89,28.64,17.91,62.3,10.73,8.89
7,"Distrito Federal",2011,1.58,4433,22.16,27.68,17.38,65.61,10.3,8.16
7,"Distrito Federal",2012,1.61,4315,22.47,27.98,17.67,63.82,10.31,8.47
7,"Distrito Federal",2013,1.9,3699,22.35,27.7,17.74,67.21,9.96,8.35
7,"Distrito Federal",2014,1.9,3658,22.65,28.02,17.91,63.5,10.11,8.65
7,"Distrito Federal",2015,1.9,3658,23.05,28.62,18.05,63.71,10.57,9.05
7,"Distrito Federal",2016,1.66,3136,23.23,28.8,18.26,62.6,10.54,9.23
7,"Distrito Federal",2017,1.69,3128,22.59,27.91,17.76,61.92,10.15,8.59
7,"Distrito Federal",2018,1.74,3216,22.34,27.77,17.49,65.39,10.28,8.34
7,"Distrito Federal",2019,1.74,3216,23.09,28.59,18.3,62.45,10.29,9.09
7,"Distrito Federal",2020,1.74,3216,22.02,27.46,17.33,65.59,10.13,8.02
7,"Distrito Federal",2021,1.74,3216,21.98,27.47,17.31,63.81,10.16,7.98
7,"Distrito Federal",2022,1.74,3216,21.91,27.49,17.12,62.71,10.37,7.91
